<?xml version="1.0" encoding="UTF-8"?>
<deploy xmlns="http://www.apache.org/ode/schemas/dd/2007/03" xmlns:bpel_adrien_v2="bpel_adrien_v2" xmlns:compagniea="http://compagniea/" xmlns:compagnieb="http://compagnieb/">
  <process name="bpel_adrien_v2:BPEL_ADRIEN_V2">
    <active>true</active>
    <retired>false</retired>
    <process-events generate="all"/>
    <provide partnerLink="client">
      <service name="bpel_adrien_v2:BPEL_ADRIEN_V2Service" port="BPEL_ADRIEN_V2Port"/>
    </provide>
    <invoke partnerLink="CompagnieA">
      <service name="compagniea:CompagnieA" port="CompagnieAPort"/>
    </invoke>
    <invoke partnerLink="CompagnieB">
      <service name="compagnieb:CompagnieB" port="CompagnieBPort"/>
    </invoke>
  </process>
</deploy>